energy,homogeneity,dissimilarity,correlation,contrast,label
0.02158358132292936,0.15484048811721707,7.724381769670234,0.9009652648758907,124.85702333820021,Acne and Rosacea
0.01838748846464402,0.14952477588940033,9.599773615233438,0.8453503001256261,237.79794676270043,Acne and Rosacea
0.019639062645842136,0.13110587965675213,10.105125225464276,0.8071855224711216,232.29118459591064,Acne and Rosacea
0.02491785373767215,0.1345043445233672,8.68671498545132,0.8062388185417694,174.46053012508148,Acne and Rosacea
0.0355210637469756,0.19221642523272373,7.134986052361128,0.9564402920541993,133.26303185029974,Acne and Rosacea
0.02953139401987613,0.2558839472790081,5.015949287311575,0.9631474857828464,68.88766150676118,Acne and Rosacea
0.03426580071532278,0.20601262564706946,7.2250507135885,0.9823677623530411,120.19570497278002,Acne and Rosacea
0.021015369353947017,0.1904530601334606,7.18712641246165,0.918311028538731,147.30768347160867,Acne and Rosacea
0.12217059739691111,0.30403024113654303,8.867447103754275,0.9513132692104622,284.5120179122483,Acne and Rosacea
0.024240017213740032,0.1829090396349758,11.777507232653186,0.9568947448363198,352.41676302784015,Acne and Rosacea
0.03295578101159177,0.19580041831409087,8.655492584480564,0.9714298017040106,215.094170658637,Acne and Rosacea
0.016201889727062865,0.1415100166940946,9.898562028757704,0.9377705366463933,220.00563870413023,Acne and Rosacea
0.013897378966412237,0.12025581106372653,10.332583992178769,0.9328815918995174,218.47633760079424,Acne and Rosacea
0.015235398318954216,0.1295945629094998,11.323343742866719,0.8940977442967737,312.9298146146696,Acne and Rosacea
0.019671549927778902,0.15414162833839842,11.684413474192516,0.831617414866202,395.2190682746601,Acne and Rosacea
0.026175389573881467,0.24098480429154043,4.774481635753901,0.9717567291498221,53.68043930649866,Acne and Rosacea
0.03399585557987081,0.28450668887646635,4.4584534863818766,0.9941939617263288,45.23173778980913,Acne and Rosacea
0.019546040282248576,0.15574694408633893,7.252883952545046,0.9543701821144107,104.25876079794158,Acne and Rosacea
0.026168785772390752,0.11186992170659828,10.582288286908716,0.46945251473332683,222.44402837003594,Acne and Rosacea
0.029008421670521953,0.24263714835068736,4.303364107250626,0.9617650973537724,40.05217135443772,Acne and Rosacea
0.029633257952371386,0.2973737837175422,3.2708317656237034,0.9885607840872004,24.09936196152931,Acne and Rosacea
0.018299700278843884,0.10418995893616184,9.709548499145736,0.8469029282279157,161.6696177703352,Acne and Rosacea
0.01383206598107427,0.08240578301226116,15.654328261755271,0.6732989266044671,478.73930061439904,Acne and Rosacea
0.017365931090691972,0.07299501423872191,16.381460984154753,0.3532473332937624,504.3980304955864,Acne and Rosacea
0.0122672887235301,0.08267253659922998,15.767226430895827,0.787227605329802,510.122032149632,Acne and Rosacea
0.012113400895578812,0.08120673575579124,15.157907708553592,0.8233921012562557,447.42305502965587,Acne and Rosacea
0.013634313019417612,0.06488706592800922,17.044903424857996,0.7062689009367977,520.2413088038088,Acne and Rosacea
0.014441554701131197,0.08975154184624985,12.815975874983407,0.8056802143591532,306.42626710886475,Acne and Rosacea
0.01878977383516081,0.17087901937350353,7.67817317858013,0.959610232498386,139.90670939649584,Acne and Rosacea
0.020781264657450813,0.19768000103149555,6.206176565497373,0.9586784096677271,89.23508609652079,Acne and Rosacea
0.030285331505698548,0.2889146338614481,4.660929424413151,0.9898824433468181,71.08118410340717,Acne and Rosacea
0.026264826460352386,0.27898142370530266,3.8205544199637447,0.9883728070430793,39.065781492748066,Acne and Rosacea
0.023866178149929577,0.13350276853999418,9.746639422580536,0.675888274369141,244.95308983262976,Acne and Rosacea
0.02530350139026644,0.11246325378075064,14.797442319059453,0.8566046556314154,475.74645147715677,Acne and Rosacea
0.016987673960503984,0.0800929588590498,15.494244396533153,0.45573670254857845,461.6833413012537,Acne and Rosacea
0.01383653318528192,0.11905095784561565,10.308392543502574,0.9428454585433644,210.73806745163304,Acne and Rosacea
0.015634624593628455,0.1541633689734806,9.689005382427876,0.9752497564872034,199.8846061184401,Acne and Rosacea
0.01459810970121406,0.10131677148484214,11.52708465873109,0.866937096674332,271.68391882744265,Acne and Rosacea
0.01603204383202741,0.1064994017512229,12.176081516308141,0.8625347914620938,317.660475616641,Acne and Rosacea
0.015294294839845584,0.08620056820350733,14.001949058858271,0.7115994485850865,374.4785063805344,Acne and Rosacea
0.021334791098053158,0.1326355160558466,10.51141022755682,0.7478847354192631,239.12202300108947,Acne and Rosacea
0.015839194397569385,0.12249501581847855,10.797629476439633,0.9052896601687009,253.6247027301213,Acne and Rosacea
0.046331946034462584,0.33588442000260693,3.507569578452547,0.9854114387971874,34.39368463886004,Acne and Rosacea
0.0554211468708942,0.2784078818370258,4.237051463212672,0.9850500264875561,43.562132638613974,Acne and Rosacea
0.03690213087430826,0.20149020022413883,6.9708757169990765,0.9588439640487516,111.87953688708116,Acne and Rosacea
0.02158358132292936,0.15484048811721707,7.724381769670234,0.9009652648758907,124.85702333820021,Acne and Rosacea
0.015587233980925787,0.14072647109953046,8.831541405509284,0.9536250297538432,165.04721048944305,Acne and Rosacea
0.020593744949985646,0.16875462655175733,7.363317913249237,0.9160026739410397,117.91639605376594,Acne and Rosacea
0.020515613646386457,0.1744160036651206,7.376927247102218,0.930606059716722,128.15930501812045,Acne and Rosacea
0.025664533111535635,0.18794658584127505,5.996156678247825,0.8982687223677163,73.83568668411353,Acne and Rosacea
0.023630958384394978,0.19279411784419265,5.727827496423422,0.9562951282072435,69.74412554237104,Acne and Rosacea
0.016069126708982775,0.11402939380912797,11.44643735964144,0.8531518427184415,275.177807371954,Acne and Rosacea
0.018527317388058937,0.12907943497259275,8.916997186387375,0.878276657284435,155.27388656381925,Acne and Rosacea
0.018350008403090274,0.1320490892015393,8.675915513408318,0.9657211528868521,161.01461683992017,Acne and Rosacea
0.025181355971024215,0.18821612439150243,7.205882130960656,0.9586189177536922,134.17936039134295,Acne and Rosacea
0.032165324827413695,0.1915992666816555,7.548372137666655,0.9235184239662644,159.49616018265087,Acne and Rosacea
0.013634969078390687,0.0954693140766585,13.098021154689867,0.8654871717488519,354.3256954644496,Acne and Rosacea
0.00956254341384042,0.04947846755759993,23.365187261842728,0.7221602507339336,977.6094861700136,Acne and Rosacea
0.05469408234277511,0.19778007407342119,11.026434283263777,0.9413068649634272,333.15616953260167,Acne and Rosacea
0.01849682718803836,0.12559334811258288,11.20279350844421,0.8457836176924562,308.32445512411596,Acne and Rosacea
0.019934735366240675,0.15902572108911203,8.258727084367669,0.8764113889760412,153.30187937257207,Acne and Rosacea
0.017519811555670072,0.1657040257772294,11.566657454887245,0.8894996028380532,344.08474825453936,Acne and Rosacea
0.020969069120125652,0.21108884635381797,6.3781209236383685,0.9565038258445261,104.3192923735089,Acne and Rosacea
0.020482360562454324,0.1373251807321481,12.722980986425142,0.6319609604698935,361.06114928149356,Acne and Rosacea
0.0215091592976519,0.2154895842528656,5.816953123552883,0.9838422669482196,80.48826348923956,Acne and Rosacea
0.017254774908076947,0.14987544348634288,7.9019702521357225,0.9435162224490095,138.5993734502204,Acne and Rosacea
0.021175287597431505,0.08410035948802858,12.903544343733776,0.40802015351804083,295.5156279996381,Acne and Rosacea
0.017140245779234998,0.1895469095735303,7.1981633893955745,0.9749615015366856,122.54364985180862,Acne and Rosacea
0.026552092559670434,0.370184767612938,3.0038918870792446,0.9949210162736031,26.913244080952495,Acne and Rosacea
0.021349074928210327,0.17057340476618219,8.189029966158577,0.956957642539659,143.79023599426543,Acne and Rosacea
0.02297821502864917,0.22769665595071487,5.536512249084378,0.9511570697962612,84.8267352448284,Acne and Rosacea
0.01883987831569104,0.18560506367411045,5.906698920651511,0.9871452866560406,68.70196050605728,Acne and Rosacea
0.017530260106872024,0.1007049845975952,11.580388487166545,0.7437069442130207,263.7011361652203,Acne and Rosacea
0.020877488193749502,0.16399393898121697,6.708777928690367,0.9489438434452124,87.99299227730143,Acne and Rosacea
0.023354772633151992,0.1967721826385935,5.683431110594305,0.9663019937991706,66.18635457629684,Acne and Rosacea
0.028912615340267393,0.1236397126486013,9.210814373154651,0.4401751373269083,168.26175501488535,Acne and Rosacea
0.0213145523215351,0.154231541387426,7.5616446825609005,0.9313802089773975,112.66810726228235,Acne and Rosacea
0.01571041916422848,0.12517223319937967,14.24663612291198,0.815256633280522,542.3992370568428,Acne and Rosacea
0.022604766813070228,0.1177259327738233,9.485087071027376,0.7056238027043986,169.8187054506799,Acne and Rosacea
0.019327277350422334,0.1337791077347999,8.771028450485927,0.8916287647673309,150.93195199982378,Acne and Rosacea
0.014741181557806836,0.12740034537136158,9.443125829228634,0.9312878996594576,191.27301440861578,Acne and Rosacea
0.013975645239345259,0.07888011805017356,14.515346911556223,0.7468934273753436,397.19161631259493,Acne and Rosacea
0.012719101070253837,0.10418009215613945,12.978684675683871,0.8702521178626136,348.1596928281029,Acne and Rosacea
0.015609779695037265,0.10911247673908132,10.138952049897679,0.9281745192342363,188.7447963302905,Acne and Rosacea
0.0236155970584621,0.1801516064361301,6.782213076134631,0.9778720522781575,96.02873317492953,Acne and Rosacea
0.017839876487815525,0.1214190331842662,9.803093345147472,0.8666376335146315,194.1445603527385,Acne and Rosacea
0.026041372063167114,0.1526808937509038,7.488834874299651,0.8222882202964215,111.25370150935818,Acne and Rosacea
0.015457286470588673,0.10430529603561235,11.96025757706386,0.8380646687917126,297.14422785741476,Acne and Rosacea
0.020135360366805306,0.16137614435242897,8.41523443019582,0.9680113192656302,148.22342718409627,Acne and Rosacea
0.015004687213483235,0.1302749181155719,10.009016942715217,0.9186174520289785,228.53229008173406,Acne and Rosacea
0.020401120924129774,0.07800790862993698,14.038506294632889,0.35195379940175087,351.64065656275346,Acne and Rosacea
0.014928515805127072,0.12688059012477093,9.516960162734156,0.934891070251991,188.5376235694053,Acne and Rosacea
0.016206207702769555,0.15978558151134448,7.9169178766380774,0.9514859151127679,157.47365468592272,Acne and Rosacea
0.015570562905755474,0.12140720772149506,11.30754059261953,0.9118012461462511,290.7644794597266,Acne and Rosacea
0.014661303705919233,0.06868718099676165,17.732861032246884,0.47631572247070153,600.2953877317589,Acne and Rosacea
0.017176589449626935,0.1673085880357902,7.407169558443966,0.9782116784272338,118.11103793982127,Acne and Rosacea
0.019701016395453623,0.10923527219229862,11.001136323781418,0.6760223798624595,232.98995532438968,Acne and Rosacea
0.018016178767120344,0.1255153104582625,10.083673154236104,0.9122193970589785,213.70670247596232,Acne and Rosacea
0.023186834584321372,0.18117948763734715,7.9487611672109795,0.8823885930858806,161.08777555719877,Acne and Rosacea
0.020254777942991138,0.15473592252433058,7.3290942556050815,0.9203454476808416,114.25379226899544,Acne and Rosacea
0.024466201793590072,0.1166630523984766,12.508585709985814,0.8825520356867259,328.6431474543467,Acne and Rosacea
0.02191952644172009,0.12343776835492992,8.988829533645438,0.7606685401155162,150.14190194765067,Acne and Rosacea
0.01654370427815937,0.12710406431716426,10.397996852905187,0.8906953853914634,232.79888128852457,Acne and Rosacea
0.020760727813574225,0.1379809228022396,8.104074215278759,0.8589183961696971,125.64989697466551,Acne and Rosacea
0.022489091025685866,0.15712931023534538,8.894146818706847,0.8032937634228672,177.03205187465935,Acne and Rosacea
0.039703715649795766,0.2805861598152282,5.725735589778911,0.9833012944258795,95.95333140114127,Acne and Rosacea
0.030255873613379763,0.15018670670210263,17.240959595049755,0.8630397234652603,1109.571350038717,Acne and Rosacea
0.029020111011393925,0.14002306087991837,18.534750632162204,0.8102936880519938,1227.1686919768258,Acne and Rosacea
0.02556913622737306,0.1390048155195209,19.196717249354663,0.8512532817344431,1462.1154928091444,Acne and Rosacea
0.02590969553883303,0.17641544105763413,22.419051116544736,0.763809524913283,2002.8164137592346,Acne and Rosacea
0.050521232432914794,0.23160314959178224,18.62265888346233,0.810201824500762,1604.2493732756127,Acne and Rosacea
0.04266988410866367,0.18807952228439298,16.87720156263929,0.8381425892111497,1127.9133304267702,Acne and Rosacea
0.01659839866027952,0.14329578113495176,12.711200211975697,0.8988922165383918,427.08229657200485,Acne and Rosacea
0.06321950072066937,0.28462072395798627,4.6989551188726875,0.9850378117706171,53.87389988452279,Acne and Rosacea
0.051872296319133294,0.21972524555249257,7.345541008246386,0.9661956357999154,128.13959409037773,Acne and Rosacea
0.018263926849199134,0.1403181176269232,8.952204510171399,0.8948384283088914,170.59912798734706,Acne and Rosacea
0.01982227802562049,0.16042276162218083,7.573651191964327,0.9116041637097181,129.45433785717432,Acne and Rosacea
0.01760133913614997,0.12527578779573081,9.704819808578847,0.8856165476021989,190.0506033621533,Acne and Rosacea
0.019395539745570973,0.14497712478545965,9.288964465130467,0.890908877280684,196.5899342851184,Acne and Rosacea
0.018833236726547655,0.13358025070488055,9.670746655091367,0.9323708289352319,189.5981474997582,Acne and Rosacea
0.03690213087430826,0.20149020022413883,6.9708757169990765,0.9588439640487516,111.87953688708116,Acne and Rosacea
0.021630604177418015,0.15535038095803685,8.369113446494602,0.8606274635204261,167.4155842575746,Acne and Rosacea
0.05726258697504486,0.22326171445135362,7.219510372893451,0.9649375063346635,123.35514000466846,Acne and Rosacea
0.019014577192860354,0.16654302576527905,7.017459874716085,0.9528408703822167,101.5919109152822,Acne and Rosacea
0.06250100112317601,0.298907888266448,4.771350696626383,0.9827792011594794,56.77240265976704,Acne and Rosacea
0.12609796595141487,0.44155655598463145,3.3949159305560648,0.9929957221098458,42.340842851857005,Acne and Rosacea
0.017344337817844994,0.10758673107619093,10.836589130145539,0.8015764215892123,227.5554089086637,Acne and Rosacea
0.01654179385209884,0.15290449520282273,8.373987285993366,0.9609955542377315,146.88643370942185,Acne and Rosacea
0.019090363548907814,0.12103055831136393,11.334315863330527,0.9208828666891932,254.8970407743118,Acne and Rosacea
0.06205360776490944,0.22239731665097226,7.746843337762168,0.9735820930047107,136.25209998835714,Acne and Rosacea
0.015587233980925787,0.14072647109953046,8.831541405509284,0.9536250297538432,165.04721048944305,Acne and Rosacea
0.028916076327187876,0.19715646962539854,6.640516424156142,0.9802307232117471,93.46789533072027,Acne and Rosacea
0.06734548648794401,0.21465477758891172,8.003782111301284,0.9645821855873081,147.4302522180362,Acne and Rosacea
0.027638714375969386,0.18839000206207235,7.576459788124367,0.9768149413919249,124.24560197327972,Acne and Rosacea
0.246130931111144,0.376110722242907,5.552951796523851,0.9095876774869498,92.08157174184032,Acne and Rosacea
0.020462058571949104,0.17433761756784869,7.373480184736163,0.930754931632169,128.20711694716027,Acne and Rosacea
0.016069126708982775,0.11402939380912797,11.44643735964144,0.8531518427184415,275.177807371954,Acne and Rosacea
0.025181355971024215,0.18821612439150243,7.205882130960656,0.9586189177536922,134.17936039134295,Acne and Rosacea
0.04608899205362113,0.27468374602136475,5.120033113979574,0.987780836677728,65.71465812182001,Acne and Rosacea
0.043735930626144844,0.22762733136656768,6.250536195276974,0.9873044159497463,88.45132332530706,Acne and Rosacea
0.010007978083567882,0.08389148432699527,17.079872698241754,0.8620933236181387,704.5997972120867,Acne and Rosacea
0.038215751060974495,0.1820769358550032,10.313567418008367,0.9588451174688396,292.583495876844,Acne and Rosacea
0.02549210963192789,0.2490117549635929,5.239269579207621,0.986235749544546,64.9371504161931,Acne and Rosacea
0.06700669697680135,0.2123717900029691,10.501715577117162,0.9353968076898506,303.23480870123905,Acne and Rosacea
0.12118446647888106,0.28983960219410293,9.211848241711188,0.9643886005226763,240.8530335129352,Acne and Rosacea
0.07197212986677126,0.3568186125737424,8.730593066815622,0.9436554929557599,258.74361047197726,Acne and Rosacea
0.10479352304848967,0.2621565721465249,10.748295845929741,0.9307517435135719,331.3679459780658,Acne and Rosacea
0.08561443669408034,0.317957467469685,7.138843904311601,0.9711012635405597,160.3820678464408,Acne and Rosacea
0.014770740592445418,0.0926241393475093,13.1599001225504,0.8035334331895247,353.3614465944763,Acne and Rosacea
0.01804028083886445,0.13002641435102819,9.096247978373334,0.9264533849976527,167.5143677070559,Acne and Rosacea
0.012693134843689927,0.11572000050392983,9.848959416710699,0.9649447013724745,197.16540217985377,Actinic Keratosis
0.0193783866804744,0.14475983907985496,11.298640916233545,0.8003371320827205,347.6193964104901,Actinic Keratosis
0.014245175040585673,0.10461189789910692,14.438733183909566,0.7933711925056911,493.3691408930133,Actinic Keratosis
0.04281990111680821,0.24661709689438963,7.1038550269413925,0.9459003500408679,150.3220518446744,Actinic Keratosis
0.016326907949792215,0.15796585388946016,10.636051843231927,0.8855897884631228,303.11871528980424,Actinic Keratosis
0.018056618613055773,0.17600306039271774,9.692173520141418,0.8793561581438887,305.0087948219482,Actinic Keratosis
0.0250849849597891,0.20387196274414704,6.433749688276969,0.8838357123622882,121.12860086257781,Actinic Keratosis
0.0182509524644075,0.17042384498941848,9.781265428263975,0.8496392418861709,312.2135598598425,Actinic Keratosis
0.023483269831644775,0.16310590818958787,9.703661900309896,0.719838882731429,313.6800343327551,Actinic Keratosis
0.017351341998859668,0.1363105434474421,9.117731687616137,0.880639871634401,174.1821186863657,Actinic Keratosis
0.023348055211037232,0.22296896522779372,7.66231355240503,0.8644597159669242,218.28469801478667,Actinic Keratosis
0.02277518250974019,0.21816431180019155,7.076539224340132,0.88289071490136,177.00109944002386,Actinic Keratosis
0.021605189102489743,0.18974786269140567,7.191541618904697,0.9045963330087,131.85335868927143,Actinic Keratosis
0.020833216687405162,0.17541555443819704,10.375058041442262,0.9558287601753948,287.22191886660426,Actinic Keratosis
0.2724842623889916,0.3697979499324604,12.194627558501,0.966076711387227,450.8764740435959,Actinic Keratosis
0.028807260721666617,0.29029242595584565,7.4587119305304235,0.9615049391769964,207.5917501293337,Actinic Keratosis
0.024889267682820862,0.2424843115088663,5.794636495945704,0.9320425601532898,109.4562637716807,Actinic Keratosis
0.01782085716699143,0.22131217752712093,6.455443608605587,0.9683293272299862,132.1845817782101,Actinic Keratosis
0.01820168496084276,0.14627817156055067,9.35587481983142,0.8509561923217386,226.16276762941203,Actinic Keratosis
0.01843817819408096,0.17138802929238148,8.052503329815892,0.9156804390432691,161.70761481254442,Actinic Keratosis
0.022300791199140878,0.22971078948672297,5.9963422714567445,0.9539631721225434,103.0666362008713,Actinic Keratosis
0.017040491614585082,0.13525908919551363,10.43990256860816,0.8292240948036823,279.4396834505906,Actinic Keratosis
0.015106164194156387,0.15353162320242833,8.57450712907778,0.9561498918052089,206.0466978606157,Actinic Keratosis
0.023469356722978514,0.22790775701985388,5.487803985576327,0.9504248994184175,86.31176231988921,Actinic Keratosis
0.020978660742382225,0.19122838840703482,7.0967217043006,0.9541827348050891,142.3919533664783,Actinic Keratosis
0.01969050401574766,0.17337312960481055,7.639540842379315,0.9120277740361131,144.84185179538235,Actinic Keratosis
0.015336909126532041,0.14488097876261716,9.23635308439114,0.9270247748454398,229.87677536760162,Actinic Keratosis
0.01625423914164316,0.15672818082219309,8.871112153652161,0.9287577995609999,197.07157565483197,Actinic Keratosis
0.01686787898927837,0.1475095299002689,8.986093759962849,0.9143952147120221,193.23552868241194,Actinic Keratosis
0.015326341854787916,0.1553858789503571,8.485333602708268,0.9482426733334773,177.00061124592483,Actinic Keratosis
0.01625423914164316,0.15672818082219309,8.871112153652161,0.9287577995609999,197.07157565483197,Actinic Keratosis
0.0228865749558309,0.19607569515336426,7.939742621353545,0.8662241138688762,171.01662166295864,Actinic Keratosis
0.020227884382392584,0.16589656268771868,7.185862081055387,0.9255527941024515,113.68148733100048,Actinic Keratosis
0.025247675406938435,0.15997102183621664,8.8917135620032,0.9680804971506087,193.73861950061894,Actinic Keratosis
0.015326341854787916,0.1553858789503571,8.485333602708268,0.9482426733334773,177.00061124592483,Actinic Keratosis
0.016091491278532658,0.18156601265643027,9.300256850985827,0.9309970196205819,261.4095525870764,Actinic Keratosis
0.019807817580070785,0.17445714822791147,8.975715208729719,0.8694475657124038,213.94734144186558,Actinic Keratosis
0.021741890374877313,0.2225184039763462,7.571461908656029,0.9076369661847394,198.62879714538153,Actinic Keratosis
0.02763292862589604,0.24564384798960504,5.452576574083504,0.9099269783799089,108.10481054737254,Actinic Keratosis
0.027213372564861553,0.19557991459566462,7.504304194550763,0.8352411796119799,142.83648026614662,Actinic Keratosis
0.024443854777149603,0.22444976382282278,6.175618939434592,0.9193584059823725,115.71313444365597,Actinic Keratosis
0.017397278520497265,0.19028565552764362,6.282006632490531,0.9744699984531242,97.52530762759342,Actinic Keratosis
0.01998445346404668,0.19081572963178037,7.891443457681678,0.9042580430270912,188.1543081260659,Actinic Keratosis
0.02456510110787606,0.17198587444105984,10.602796896108272,0.6319265621963831,411.2143331017413,Actinic Keratosis
0.01782085716699143,0.22131217752712093,6.455443608605587,0.9683293272299862,132.1845817782101,Actinic Keratosis
0.018943719679714918,0.15766127126005605,8.811814224105015,0.8789946054802845,202.75087779557919,Actinic Keratosis
0.021006325003445216,0.19821811536477968,6.723701812335674,0.9400557534917375,111.22455361562187,Actinic Keratosis
0.019629199628592657,0.18163154676794424,8.25149625021639,0.8994245759667658,191.95827439737656,Actinic Keratosis
0.0149654926907448,0.15436134276183244,9.87420794615621,0.9280015199796351,262.88588952575014,Actinic Keratosis
0.017007118172480476,0.11630851426492589,11.938276082155973,0.7954919154982084,332.04104833968205,Actinic Keratosis
0.01764169975818946,0.1676258649233504,8.535431039349398,0.9199733552347458,185.09331276076915,Actinic Keratosis
0.017871592754269267,0.16204321553667958,8.357745757361057,0.9205436505519802,160.8504819284903,Actinic Keratosis
0.015079300171740702,0.10344341707941836,12.86063615972146,0.8765207815186756,348.63665387939005,Actinic Keratosis
0.011810795519447692,0.09951730983188134,12.064536295047304,0.9476317031666086,296.1435730249058,Actinic Keratosis
0.02414870881524996,0.21254047345150184,6.538760817372999,0.8991364435671159,126.55956069358925,Actinic Keratosis
0.02376067449229191,0.09944025108444449,17.141446915747803,0.8968749632329358,631.8817626064756,Actinic Keratosis
0.10455776215265773,0.206222248541716,14.43593275321296,0.9168623540582677,511.56416160984696,Actinic Keratosis
0.3139357949058455,0.3765761812849378,12.16126970956257,0.9622862112999029,503.56518670869565,Actinic Keratosis
0.05804420142911118,0.15097838421283824,17.09033728923637,0.854673233281369,696.360482285399,Actinic Keratosis
0.016168614345887594,0.11475787096692036,16.263769693662905,0.8772196771363229,624.7421365926637,Actinic Keratosis
0.017141426866169953,0.1368910474883922,8.042435056042674,0.948879983331277,134.04394981271946,Actinic Keratosis
0.04687155656313321,0.20398002026876144,9.175669593183637,0.9651045008559225,210.84444008408138,Actinic Keratosis
0.29338335801429316,0.40167332087945123,8.262263394757253,0.9752602412321233,287.83662000672444,Actinic Keratosis
0.04516409994492336,0.20293934586760023,9.986908197545892,0.9345772944608233,241.27425385131886,Actinic Keratosis
0.03604323033177275,0.20267978576609302,9.22442156197791,0.9554370223442277,219.6920635112519,Actinic Keratosis
0.02271038909955885,0.1529335831737426,9.131593521541069,0.8647279783162072,194.17689121820675,Actinic Keratosis
0.014181144607303551,0.10238955298461289,12.518968383670124,0.8775508167925634,334.4095269768658,Actinic Keratosis
0.012921824733863604,0.09298278124051909,14.31953362773213,0.8825196857546557,439.88382262196603,Actinic Keratosis
0.025369050470135695,0.1475474089760742,12.864755874253502,0.9298530756317456,367.7722245626685,Actinic Keratosis
0.032905533912249534,0.17308306798497575,11.605567726600718,0.9291946000912168,322.73335555421886,Actinic Keratosis
0.01885623096863728,0.13560194145769297,8.509107059260645,0.8753361359197093,150.36975195516067,Actinic Keratosis
0.010961274715745865,0.08995817794285972,18.941658869206726,0.791474223994294,815.2165244606376,Actinic Keratosis
0.01612344083942594,0.11913768597054518,9.871048639841405,0.8787295703490776,200.7530450360878,Actinic Keratosis
0.04886929932083011,0.18206072331335107,7.566514965402781,0.9329364001079818,122.48398610076967,Actinic Keratosis
0.2605058958602993,0.35184498608153475,7.425897498506155,0.9736964800116241,147.54016331354808,Actinic Keratosis
0.2805247448106117,0.34461990983902574,12.979015172673849,0.964688923401736,472.2629335933052,Actinic Keratosis
0.09258132708489769,0.2189639653650388,8.267336110106077,0.9200870001625595,178.60775055063755,Actinic Keratosis
0.1016443772420757,0.2300651505067579,7.850464874844538,0.9278354411082326,149.4766529536596,Actinic Keratosis
0.010510330839422603,0.051410691073534895,23.416310930368795,0.4632443077140068,982.0486526318042,Actinic Keratosis
0.009974934877442816,0.04695405140686028,24.99531297171371,0.4306635793677003,1102.453312670756,Actinic Keratosis
0.015002545303942825,0.08816700621839263,14.116782651814434,0.684195914231236,390.1753306758815,Actinic Keratosis
0.015445510707240576,0.10491500804484939,11.908731897553176,0.81306073929523,289.5512839884174,Actinic Keratosis
0.21341048714566585,0.2896092580426428,13.359234404709603,0.960599781190912,480.62647112354574,Actinic Keratosis
0.011774041348331694,0.080117739214596,15.519943447790606,0.8019430135165803,476.2489443943216,Actinic Keratosis
0.036279741670082154,0.19113474872709568,8.3708927682702,0.9791591994735906,179.48270773008088,Actinic Keratosis
0.1406929180762447,0.23380915799528154,11.42264333427043,0.9529550172675315,351.05864242135084,Actinic Keratosis
0.02388706715728082,0.13368194343550358,8.988783636068206,0.9699032719643282,170.83730759527245,Actinic Keratosis
0.015184056668019094,0.09426857704553077,12.859217170310451,0.8247784050569701,330.44301417710903,Actinic Keratosis
0.044345594192525054,0.19072332966351094,7.0638342137148715,0.9632806638807511,122.32272807285108,Actinic Keratosis
0.020830323186780887,0.14086165087885233,9.507528220438408,0.8096201998234542,222.1004080363947,Actinic Keratosis
0.14773783481397584,0.23734468372001594,12.826241840199181,0.9526950504656746,461.5001249841117,Actinic Keratosis
0.012203506424345851,0.07012474574468497,19.15911469943035,0.6102804507673907,772.450165129131,Actinic Keratosis
0.16828831180655696,0.24988911492324206,12.992846828512421,0.911891619199986,447.44822783328016,Actinic Keratosis
0.011535462352178212,0.07471857907211314,19.0430380954797,0.7343146612795172,743.9297627790774,Actinic Keratosis
0.011916164019709685,0.08671074698274288,13.610958822909675,0.9316749203836654,375.85315742535454,Actinic Keratosis
0.017738585918588862,0.1576817422022139,8.090345522987835,0.9521338764263381,152.24187511093203,Actinic Keratosis
0.24023973962435796,0.30707004055812004,13.534769360946603,0.9571551245266566,495.6197392529921,Actinic Keratosis
0.016407095050937848,0.13106919484830012,11.898224306242591,0.9537567988233457,334.50965313503764,Actinic Keratosis
0.23701179528994062,0.33270965508947875,8.68035112986604,0.9786961218189426,218.34814275122824,Actinic Keratosis
0.06446096748139667,0.17578306664372104,18.77630720479624,0.8725705291855252,822.0798676752701,Actinic Keratosis
0.07813625407512831,0.2084443376100933,16.211739935551286,0.9074728132485725,606.4968682357515,Actinic Keratosis
0.011837319738654923,0.07860544898393572,21.360762275748762,0.5902983788694719,1132.361756390595,Actinic Keratosis
0.019212162255012773,0.16848603573290782,7.650308590859282,0.9757395167778995,136.98854497004587,Actinic Keratosis
0.017012965184724844,0.14295536011603263,9.605211273395017,0.862722860582068,210.42685930478194,Actinic Keratosis
0.0325332626874343,0.40316597621923633,3.985312337806006,0.9683161940000424,64.28139459116116,Actinic Keratosis
0.024571708760411162,0.2350179369902538,5.264542484233727,0.9590199509458542,71.04096921067159,Actinic Keratosis
0.023074505054493183,0.23441168373763185,6.4950430321477945,0.9278627247366837,122.51778897714475,Actinic Keratosis
0.0160388030896257,0.1501503383084376,8.38512142262033,0.9494624204151118,156.82710097966003,Actinic Keratosis
0.02177976128805747,0.21493209100111965,6.232923336215371,0.944965846571979,99.05550812171394,Actinic Keratosis
0.029567454124367985,0.19666371506017408,6.260866140306297,0.8140541492845326,94.8812166959982,Actinic Keratosis
0.013776294354916339,0.09988441971859291,17.71590254525593,0.633813366121581,783.6628683416501,Actinic Keratosis
0.019860629052823334,0.18431846245406347,8.408341506970718,0.8903686497461906,189.5797680449714,Actinic Keratosis
0.019442199869835943,0.16917439845694748,7.272317828798505,0.9499818102105037,118.31263301714742,Actinic Keratosis
0.02221630922465476,0.1504359456483847,9.133141461904794,0.7746339610395518,194.8755832238506,Actinic Keratosis
0.0222352842203513,0.2237278902245293,7.9846596164326105,0.8682717055832301,188.20205767331794,Actinic Keratosis
0.01599329378006394,0.104737281825005,13.664508998538606,0.8951622186183487,514.1259735902099,Actinic Keratosis
0.017536183292164637,0.13896052275835336,8.407826782352702,0.9278728677899927,142.63086395316506,Actinic Keratosis
0.045396434190219846,0.17111300656317452,13.692633283164959,0.9374938941213783,482.23338673782393,Actinic Keratosis
0.011999506894873392,0.11595014266699286,12.78931216837012,0.954045970455148,352.067009496928,Actinic Keratosis
0.023185784748041907,0.13890961542884128,11.368468067026807,0.9398790110861093,318.6014268066452,Actinic Keratosis
0.012101804632525495,0.05871809050547719,19.78712820631408,0.5883507239857505,766.1125064066642,Actinic Keratosis
0.014768879746093585,0.1050498845525094,11.054336376694485,0.8704904129370783,234.59722941376856,Actinic Keratosis
0.01992436589309374,0.1851635413789237,8.147562142071601,0.920823948941215,223.93991525436797,Actinic Keratosis
0.01595057729849269,0.13506992449841376,10.629770058117911,0.9151247926537592,351.8299786696891,Actinic Keratosis
0.01759563259948039,0.12152784138592655,9.207433581908905,0.8671750227959224,171.71675812094833,Actinic Keratosis
0.011775137566004583,0.09914303654751916,11.79478487208162,0.924749381886381,285.60411703242266,Actinic Keratosis
0.009426154393711651,0.06886712628847563,23.5439016941767,0.69567070654963,1203.0249587846884,Actinic Keratosis
0.012208852742756555,0.11503187703241109,10.256520772910372,0.9560523280351941,226.9516956856599,Actinic Keratosis
0.021914699666680623,0.1634392514338694,12.564224544013529,0.9047869113008326,713.5436329172883,Actinic Keratosis
0.047033984430994415,0.17382685800705808,10.534590930605544,0.9619107571560248,300.1879957328459,Actinic Keratosis
0.026388262742755988,0.19942099300012897,7.705686978453709,0.8053250111102411,180.68445903847046,Actinic Keratosis
0.017466802789962398,0.12227129664980982,12.508844464758667,0.7570841844826267,399.5742800898668,Actinic Keratosis
0.027987713267644192,0.1700644030507201,6.294547783003957,0.8932767282958558,79.86581399092213,Actinic Keratosis
0.021805421544438083,0.13995351329707606,9.11183969078953,0.770046231394822,187.32601051595216,Actinic Keratosis
0.024657345764240116,0.1125149920739087,10.544533188435825,0.5149676676970105,223.02268443953855,Actinic Keratosis
0.024657345764240116,0.1125149920739087,10.544533188435825,0.5149676676970105,223.02268443953855,Actinic Keratosis
0.038722885670648494,0.21486022669167953,6.857736146854571,0.7562826126710323,139.70411253468734,Actinic Keratosis
0.02189439477034006,0.1489870133278843,10.472457368054124,0.7760045842876375,304.8720613104242,Actinic Keratosis
0.024177161858235527,0.20356663212332052,7.558087286381916,0.8886887153964992,173.2014043771408,Actinic Keratosis
0.026115479409283507,0.13596609518041933,9.169003114689945,0.8002334792224622,194.26389662155205,Actinic Keratosis
0.02753839007494728,0.20423165003258925,6.992497674205751,0.8318372702621564,127.17903499660689,Actinic Keratosis
0.02753839007494728,0.20423165003258925,6.992497674205751,0.8318372702621564,127.17903499660689,Actinic Keratosis
0.018181255085878083,0.08478091480807298,14.2442453629021,0.5056813495285176,418.7308675591942,Actinic Keratosis
0.019992908339709136,0.12598267047433134,11.180876179297668,0.6944132870294509,303.71367555895165,Actinic Keratosis
0.022935536018979238,0.13742039413053245,9.274291841884091,0.7069852926200545,194.03204696986302,Actinic Keratosis
0.017647633247400447,0.08811514800360268,13.552681581686155,0.6994203986884678,370.1699599684206,Actinic Keratosis
0.024154746313014487,0.14517550872969998,8.691305799730664,0.7238252475516682,158.0183847316523,Actinic Keratosis
0.02592572346565218,0.17050795786109324,6.660512359107896,0.878985010302528,90.23417997829664,Actinic Keratosis
0.021701594373923407,0.10434886217877039,10.847069493884659,0.5805236196276788,224.76820137411818,Actinic Keratosis
0.026103065776821588,0.15924830832447437,8.677114552720766,0.7205141900729292,186.17638261712173,Actinic Keratosis
0.01629615430725627,0.1514283643988865,7.860277707256127,0.9565693637614076,134.81624440996768,Atopic Dermatitis
0.02108771647606405,0.1794451495112791,7.39886724871533,0.8998317400114139,147.64702013596101,Atopic Dermatitis
0.021695283720745546,0.17825879709865225,7.1637467805087205,0.8929865153509984,114.93144401293249,Atopic Dermatitis
0.0229378789716215,0.13323764180112885,12.488024990977152,0.955429298155216,323.47321247315716,Atopic Dermatitis
0.020071577089986407,0.1332718260735734,10.928006410878275,0.9560989987267637,249.38172671422905,Atopic Dermatitis
0.013306921136931731,0.087446543780042,13.514069888201666,0.8432016702440475,355.0982995813913,Atopic Dermatitis
0.013595629468097259,0.07284617046336457,15.975130100051826,0.6500999502534712,459.77666079131893,Atopic Dermatitis
0.019876938092288274,0.1563394520474922,7.0900474352236955,0.9845203342487624,101.54350453522999,Atopic Dermatitis
0.027784696127647945,0.21242578946108848,7.920002898903751,0.9715712078748125,233.53218334919998,Atopic Dermatitis
0.018071107116342855,0.1302877821428669,8.844274260580544,0.9680835070746281,159.45119022560598,Atopic Dermatitis
0.03267206829597525,0.32522360228597486,3.2290721835460747,0.9742063740164902,29.388001895457176,Atopic Dermatitis
0.029143369447602097,0.26074616937428596,4.916182513020759,0.9348079624821316,74.88752347803977,Atopic Dermatitis
0.02591454686364527,0.23581985506396366,5.447529132328163,0.9399395975058797,86.83873030280009,Atopic Dermatitis
0.037305363814755625,0.17839240683146343,10.102496645003734,0.9683265552956958,225.6657618541179,Atopic Dermatitis
0.09886482576171733,0.23390566041335367,7.455971150006475,0.9631008864440275,126.17639938302858,Atopic Dermatitis
0.008468452685371565,0.06052551663218517,20.37444525428156,0.8781618875414661,793.1614575446741,Atopic Dermatitis
0.02224575483101456,0.21676917307424906,5.020716144601094,0.967106413934277,54.53963635296671,Atopic Dermatitis
0.0457366974743236,0.2695228753190269,4.713727177915022,0.9663893613894834,64.25125533481781,Atopic Dermatitis
0.029435411368220293,0.25576192591283164,6.27767893358442,0.9842062075438771,144.488406653018,Atopic Dermatitis
0.020565121963588087,0.16964881539209545,6.429746867803464,0.9892597699556762,85.13070108476109,Atopic Dermatitis
0.02292175552038956,0.1515039859484193,7.457151731685465,0.933770093207164,111.26282278620309,Atopic Dermatitis
0.027856822411159974,0.23102877053054152,4.325020900554143,0.9926606856714287,40.8541902309705,Atopic Dermatitis
0.06073306409567904,0.31112450325824625,5.467748137812112,0.9905689856725323,76.63237466356983,Atopic Dermatitis
0.06453649800344646,0.3227061926169879,5.561733041390625,0.9906306454827134,85.35923762477167,Atopic Dermatitis
0.020943546466468288,0.13045959962721485,9.225564169182782,0.9765875923041984,180.76002644424892,Atopic Dermatitis
0.07612502414382345,0.19525588143507766,8.69143156127015,0.9307585106207988,158.46449093041042,Atopic Dermatitis
0.0747130547929999,0.19519088482068148,8.542878405644647,0.9451695264832741,151.12875605513142,Atopic Dermatitis
0.029626771285300484,0.2541838922612731,6.511140567913433,0.982513009793831,162.69811500447045,Atopic Dermatitis
0.017180670973674664,0.06855908954955098,15.795871411892058,0.34557551744194254,430.53801202084793,Atopic Dermatitis
0.13234120658860854,0.22027168902925995,12.356848029028676,0.9353235178546596,378.9326218033375,Atopic Dermatitis
0.025049373169060744,0.20428986092686272,5.531434335032411,0.98790817175829,70.15366905823447,Atopic Dermatitis
0.02098417722948816,0.10788442407058214,9.934349895153426,0.7004637172942212,173.80423589368027,Atopic Dermatitis
0.02154570895251949,0.10922143512970012,9.786427999217263,0.744200603556161,172.2929101634382,Atopic Dermatitis
0.024046338818866243,0.1672623297867631,6.282305495657284,0.9872857817504285,76.48437778471725,Atopic Dermatitis
0.016659891592912243,0.18440750589835916,6.604115482449367,0.9785978865280858,97.0644064666807,Atopic Dermatitis
0.023600076567299108,0.1371213201739,9.762121742881792,0.9291259102387023,206.69103884693044,Atopic Dermatitis
0.014659482973086104,0.1302753920896378,12.641983621059447,0.8323001996677343,427.01418665674686,Atopic Dermatitis
0.01810884796124759,0.13796404110398905,7.732260097074582,0.987112569573968,116.3813578731874,Atopic Dermatitis
0.08679233675571962,0.20806374352872745,9.796897485426797,0.9246942066632666,204.58160724659112,Atopic Dermatitis
0.09112733853738082,0.22522217480495493,9.47650004058341,0.9335868941391432,195.9904488336726,Atopic Dermatitis
0.2122241814930115,0.32402226580241894,8.253620828074652,0.9591957534412712,171.8860061529733,Atopic Dermatitis
0.08183979513253833,0.1744265902984148,9.89997376845986,0.8948053849595523,195.12767571290033,Atopic Dermatitis
0.13535070413516304,0.22750812311617707,8.897291239249299,0.9272282246674217,167.54833257993621,Atopic Dermatitis
0.015906660279922796,0.15007354603774625,9.117976332558031,0.9738994165772001,206.3568872644711,Atopic Dermatitis
0.01714551829727848,0.16149913979269945,8.347161353910941,0.9738113447569489,175.9037212045179,Atopic Dermatitis
0.020654195514869963,0.17125020765353402,11.087694194523204,0.9623501096899622,286.55846614530816,Atopic Dermatitis
0.009783775116853997,0.0495126743049809,24.941847292891296,0.6339833618629258,1151.5982522590486,Atopic Dermatitis
0.011283569587788358,0.06034883170062016,22.867543397705642,0.5548080931043988,1034.2525682939463,Atopic Dermatitis
0.03332480270339879,0.23544315562892149,4.7066897171157445,0.9898454201246795,47.13807212509144,Atopic Dermatitis
0.018641780515436805,0.1399090664395567,9.926287290758742,0.8379797325376539,253.8476832374674,Atopic Dermatitis
0.01540905080973833,0.13927306072307738,9.181029041665822,0.9390803415081282,188.65777342762195,Atopic Dermatitis
0.06824467416694485,0.27329073949289323,6.475972138356988,0.976498432664909,106.56510512469013,Atopic Dermatitis
0.04386129025492681,0.2508008588670618,6.368052914785468,0.9837531381058136,102.35801066177177,Atopic Dermatitis
0.05646350239224413,0.2896748971189233,7.767734522475578,0.9816455444038417,178.01962489711022,Atopic Dermatitis
0.02262922069872792,0.2127030519985733,5.252373225098861,0.9866900493355241,67.66828175955897,Atopic Dermatitis
0.021534256779095644,0.2031064377505907,5.834129457739075,0.9892345180625431,91.68363797449125,Atopic Dermatitis
0.02601085913835546,0.21086149676551857,5.3887886500371485,0.9905071526659278,65.63073924732849,Atopic Dermatitis
0.018000399203242208,0.19590806322155727,6.015743901833791,0.9888015286029308,97.70057521253082,Atopic Dermatitis
0.020955259054519337,0.21195389310278878,5.574404562027024,0.9877892400081679,90.79334377972219,Atopic Dermatitis
0.028446171792961834,0.18883082115661642,6.48768988024821,0.9825182557680203,87.03696755890303,Atopic Dermatitis
0.09879458586750323,0.3376745151844842,5.501517613412734,0.9797516693193457,92.55437834190377,Atopic Dermatitis
0.019979823535697508,0.1358000167314328,12.336375681639181,0.941184941875492,339.8843061947971,Atopic Dermatitis
0.019658926741255786,0.1302197989013964,8.719123458471145,0.8726952925696525,150.3951594073134,Atopic Dermatitis
0.026342720558273643,0.17739947035337578,9.077204053238027,0.959463451237019,224.95918110358102,Atopic Dermatitis
0.013806073016208287,0.0876019502395074,13.306169453580548,0.9474416582689398,351.20491133634846,Atopic Dermatitis
0.017912604386692774,0.12576576522042857,9.188253831514382,0.967321338330486,178.83839447159983,Atopic Dermatitis
0.02115051150902729,0.18803255445352324,6.292896053559499,0.9764567968745269,85.65899600218957,Atopic Dermatitis
0.01955887478763482,0.17745114653694524,6.683429813573678,0.9701492776688068,107.79718513448863,Atopic Dermatitis
0.023265186078748515,0.20695443909431285,5.783694136281561,0.9674795695920532,79.10368106890445,Atopic Dermatitis
0.02490822726321378,0.13184674953808148,9.08974878214724,0.9658648415867387,159.333204156888,Atopic Dermatitis
0.056382591465687075,0.3356547517053272,3.6740699296222314,0.9898832197904279,42.51857691092502,Atopic Dermatitis
0.020128960566795376,0.14628257972924535,9.179852176401418,0.9586163167330799,177.07281058281816,Atopic Dermatitis
0.025042438458184463,0.2221171638280804,4.917831019710617,0.9917516019393489,53.79584787296619,Atopic Dermatitis
0.02092541841996398,0.18644779921962595,5.953976848616816,0.989116167065617,78.07667990855992,Atopic Dermatitis
0.01853619191346532,0.13580827103347343,8.341729616043514,0.9144322357877395,153.926317711518,Atopic Dermatitis
0.02133726285479724,0.12500912871812309,10.629525667168151,0.664224263797776,256.18088705972855,Atopic Dermatitis
0.026107745832447397,0.2086483104468373,4.964134983047856,0.9915941325460061,57.35895627886657,Atopic Dermatitis
0.032748322894891824,0.25074831236229744,4.062264328382446,0.990997242739518,40.9160586427989,Atopic Dermatitis
0.019220391615315628,0.16046386994679265,7.132877399058379,0.9703389962366765,101.84651891304485,Atopic Dermatitis
0.29949835408756026,0.4304942328378567,4.62552108860166,0.9884597161802264,69.15823673770943,Atopic Dermatitis
0.02138915172158489,0.23799655843308562,5.660659898540265,0.987006862239229,73.37629711450879,Atopic Dermatitis
0.019220391615315628,0.16046386994679265,7.132877399058379,0.9703389962366765,101.84651891304485,Atopic Dermatitis
0.13508947096225896,0.3376979927468104,6.05486141884143,0.9859678817631529,107.79588111593473,Atopic Dermatitis
0.06543718424681197,0.23687811111676466,6.47232954565291,0.9839884774250037,107.65498218015915,Atopic Dermatitis
0.08374523740439804,0.42023065643886814,4.402610171763819,0.9926083702163765,90.8131374132118,Atopic Dermatitis
0.027908861537218315,0.19886665881727883,10.100053168049108,0.9664863464954959,303.4892225208397,Atopic Dermatitis
0.03196000451041887,0.18997136639932977,11.941422848530996,0.9655719318054842,394.9662191600456,Atopic Dermatitis
0.01695368697606269,0.19915632630483193,5.941733604617446,0.9835700775528549,72.54465124765912,Atopic Dermatitis
0.014714620032985126,0.08357033505389137,12.457365961028806,0.7795745426245914,265.53438216960296,Atopic Dermatitis
0.019409454989124615,0.09373851061495647,11.279090096199035,0.6296603839717129,222.76749171140722,Atopic Dermatitis
0.025927994496251945,0.17466736423299298,8.297727749779419,0.9737949188115267,185.12782934231552,Atopic Dermatitis
0.02769188157229064,0.15430335758089533,9.264180016183326,0.9603142061640307,231.41214021761132,Atopic Dermatitis
0.030934226015393442,0.20291177473886327,8.618817417612842,0.9829265822395639,211.18091546947875,Atopic Dermatitis
0.09760149104273827,0.35027688909895915,6.853836709365911,0.9858192101547394,188.56955315652436,Atopic Dermatitis
0.016577965274551337,0.07901188597893087,12.713099399148783,0.662493637491377,267.1538123097818,Atopic Dermatitis
0.052362022247115454,0.29848732565650893,5.07693497858563,0.9901076229412009,75.02359454932181,Atopic Dermatitis
0.020980554775106595,0.1655280212493926,7.923022692499414,0.949587414733213,143.37855441816203,Atopic Dermatitis
0.01170267213134702,0.0677500543376613,16.697920915384255,0.7435359414741571,502.33875398135046,Atopic Dermatitis
0.018473060029125007,0.08365873089439664,17.441243022147276,0.48571159133710207,649.0438126570134,Atopic Dermatitis
0.006927347016626326,0.04364768650050088,26.22749060857436,0.8121313727267578,1223.9707689079567,Atopic Dermatitis
0.00878108765138514,0.04105837870734844,30.24251994944571,0.43226954079903623,1679.5863223690185,Atopic Dermatitis
0.008591859089833497,0.0564881219530052,21.47520101938113,0.7856063499082622,882.1335183080579,Atopic Dermatitis
0.007317358993670703,0.057572168936362265,21.828466741706368,0.9087764552024318,887.2306618049054,Atopic Dermatitis
0.014971968711526137,0.17120665911972718,10.271814191368223,0.9611463632129548,318.58697156558964,Atopic Dermatitis
0.07032239550869734,0.27430748183264214,8.06683681541542,0.9750766727757131,227.70988614672368,Atopic Dermatitis
0.061916580302225514,0.2927576186024769,8.482722292297934,0.979462086643173,270.1529876993747,Atopic Dermatitis
0.05640576773804659,0.25918041379203255,7.687444940773353,0.9809580236040141,206.77170217859214,Atopic Dermatitis
0.08789973221016908,0.24659617245881943,12.122528202922357,0.9635750490645335,335.29174083701156,Atopic Dermatitis
0.06605807424177274,0.20085107502959942,13.167803721885745,0.9540618699893919,373.8616703035846,Atopic Dermatitis
0.17187434955979006,0.35080359564877767,9.66290077974202,0.9480898987430891,266.4814078169418,Atopic Dermatitis
0.018414969055514947,0.0852523166704979,16.855971625502864,0.5088575678270438,605.3299164884993,Atopic Dermatitis
0.014135110375282213,0.08278332809080555,14.684394353360195,0.7125779940648097,423.128530131772,Atopic Dermatitis
0.01467558957196969,0.09288698615230383,13.957341286267406,0.7235177650562346,416.61985095852043,Atopic Dermatitis
0.03043362203713287,0.3313116026506026,4.543162817426319,0.9881869582944552,113.963111911461,Atopic Dermatitis
0.09540167555632041,0.33980487397952847,6.487646415032578,0.9858002932173435,159.1214304107798,Atopic Dermatitis
0.06285023331759071,0.27347885472365907,5.736089907401789,0.9857373240383305,123.59592733693853,Atopic Dermatitis
0.08357716408379628,0.3243523013792886,4.76609074317871,0.9875236515960051,99.85375865875741,Atopic Dermatitis
0.03941614715032285,0.23715471029189356,5.274961209729753,0.9862311541693991,110.41602047886668,Atopic Dermatitis
0.013585533310080469,0.12458968828747478,10.390189151080005,0.9709006156894016,204.35271527905127,Atopic Dermatitis
0.019451355942279185,0.08048760867643542,13.878614546073745,0.4223732607905386,360.32829594462265,Atopic Dermatitis
0.04039841194933871,0.26585302283046797,5.252221986935721,0.9890653981719544,66.66279727117684,Atopic Dermatitis
0.02563354634815537,0.11945486647093745,10.147041041667187,0.5537177715537334,213.07942384250725,Atopic Dermatitis
0.020408910303886356,0.07899564998308281,13.42214229751221,0.34713864985268017,310.74465128067004,Atopic Dermatitis
0.020332244391375247,0.07998414926789128,13.381579348882601,0.3716963909826306,312.47170150599476,Atopic Dermatitis
0.01611566601056262,0.10404180867600761,11.541102926152815,0.8061341089445335,258.9332101435864,Atopic Dermatitis
0.11221527917046914,0.3082543331867349,7.389450379433523,0.9783054480307207,142.269946019448,Atopic Dermatitis
0.026582419117789018,0.1711616945542906,8.061810888650976,0.9587758489728407,136.02824302058005,Atopic Dermatitis
0.14585448021047778,0.31912688571963205,12.115918883871885,0.9536163820193231,360.0306070972271,Atopic Dermatitis
0.02471146709572946,0.17586162713003947,8.349918022416443,0.9538098018797491,159.35124186190927,Atopic Dermatitis
0.01723070019674759,0.15490883719792078,8.346125147075947,0.9471241757957449,157.10833476186156,Atopic Dermatitis
0.016783484064011818,0.1386616077585457,8.01518747838959,0.9604421806954692,124.69132115671833,Atopic Dermatitis
0.025058706895003613,0.1865012267748946,8.603694560296235,0.9834238544575524,206.3282822906582,Atopic Dermatitis
0.015912348554064235,0.09725500802787239,10.868273981389656,0.8620677358645966,210.11066909946632,Atopic Dermatitis
0.01729248020167959,0.18748355222160581,6.520743987096932,0.9819712943245319,90.14869908915279,Atopic Dermatitis
0.08468214070429551,0.31305483720510924,5.246810146589217,0.9867131753732595,71.76934124446572,Atopic Dermatitis
0.01715154640574166,0.20997646969383155,6.368982235571809,0.9818816151579485,83.85795373615662,Atopic Dermatitis
0.22667169820374283,0.3591126438526248,6.281947883616768,0.9927755397207194,103.52298091521796,Atopic Dermatitis
0.03460471326434585,0.17671233494337266,9.341979963521887,0.965293840951824,197.83493370546432,Atopic Dermatitis
0.05042510836617437,0.20689540097669626,8.70932300987151,0.9591675017978597,180.70633839574833,Atopic Dermatitis
0.10194269961625492,0.24632139560797756,7.23594290823479,0.9770595377101104,128.10706496091836,Atopic Dermatitis
0.08132793568980956,0.3270541217555165,4.7800337763869845,0.9940207535179822,64.73209422500788,Atopic Dermatitis
0.183088092956275,0.3135108836245242,11.545842316212559,0.9493014444460712,340.04759836349604,Atopic Dermatitis
0.018767922335167955,0.16199102111180527,6.110025418403806,0.9648758723180231,66.2048481702885,Atopic Dermatitis
0.014206985410481123,0.10661905411363458,12.671808634664636,0.8280501346174806,375.9366581698906,Atopic Dermatitis
0.06704975686154735,0.2544468905940176,6.447276941798453,0.9871594481356539,95.092470961995,Atopic Dermatitis
0.024158760451282568,0.22408086667048177,5.718528249472944,0.9403596223244107,82.51239370754558,Atopic Dermatitis
0.014316740489504438,0.13182354257454743,11.729430786716657,0.9219784007368048,340.54642720255623,Atopic Dermatitis
0.043520744699935464,0.18366249414616867,7.942577820264164,0.9723093280260263,129.32988763003837,Atopic Dermatitis
0.017899548653975687,0.12366610728381672,8.213423314573827,0.9396980118010296,116.52008955240191,Atopic Dermatitis
0.06749001581765764,0.24894237622495055,8.31524679955037,0.9670507106788759,172.06635312353689,Atopic Dermatitis
0.017719903119708297,0.0869109416849303,13.518079057403021,0.5619606811290431,379.94127526557054,Bullous Disease
0.04642138849351128,0.2157794587881852,6.519254503210539,0.982861092657245,101.40738665348916,Bullous Disease
0.0801673421038214,0.25524223765567045,6.004392462161984,0.9766862124687263,107.31998190442441,Bullous Disease
0.028598113867173442,0.1967846618312866,5.471077180431674,0.8925745781998131,61.8376584349325,Bullous Disease
0.028860447013266306,0.24432013299421712,4.760193898737307,0.9642841754297251,60.03745654916224,Bullous Disease
0.017948643285687706,0.08641233025001016,13.42452726889214,0.5503399380390024,368.08123040998044,Bullous Disease
0.014479105276169793,0.07393801875859966,16.146491907345478,0.570944832407364,523.1942395128561,Bullous Disease
0.015564226333116663,0.08949982977142049,11.745987495092992,0.7997416333206081,253.7634525588163,Bullous Disease
0.015549517667157798,0.1157825584799172,29.677357619240563,0.7813702532328439,2258.9393920088605,Bullous Disease
0.041664163748838204,0.24616940327009346,4.99434328667914,0.9814863070494262,62.02043309141462,Bullous Disease
0.017411898272871373,0.09655958879997878,10.8836962095998,0.7819410377182349,220.59716730760687,Bullous Disease
0.024398809091420236,0.19399279657550533,5.90514147306827,0.9580080071345461,83.30018164259769,Bullous Disease
0.017663503254835993,0.13877776318789406,8.222328769752053,0.9292923152070753,152.83752458978577,Bullous Disease
0.016869410965121772,0.16713246263671325,7.254306085173529,0.9518502598335954,129.81238330996888,Bullous Disease
0.0169296233158543,0.12552632601989025,9.491504928226497,0.8844289872137168,193.86765400497856,Bullous Disease
0.017399818792639188,0.17003429974684117,6.773041004081232,0.9600916967897355,106.29045810813197,Bullous Disease
0.012750424639919548,0.13978305547885567,9.889442811620436,0.9635958772426084,241.32048851537078,Bullous Disease
0.06543469705061128,0.26820156108365656,6.747043382410173,0.9853542543974729,140.6490600252857,Bullous Disease
0.027946304177802615,0.19654779908382913,6.152194625586077,0.9515804016382258,102.462516131032,Bullous Disease
0.013925441524330395,0.07170699782980258,16.74878028770145,0.5639864025758472,559.1412394856329,Bullous Disease
0.2621866438545653,0.49488193195854513,4.859864851270701,0.9888423042210829,92.46398752932936,Bullous Disease
0.21836374811969733,0.37380306406563135,7.713305119990837,0.9745639400601659,188.28735456776323,Bullous Disease
0.1383064454246395,0.38922412045384225,6.070863481623156,0.9690631737769237,127.81760431996827,Bullous Disease
0.02862471761039707,0.1840680011981886,10.550961962057686,0.9393619005042539,288.3375841570976,Bullous Disease
0.014308709217023053,0.09198924741692117,13.558381686303543,0.7427187244179672,391.45632171429475,Bullous Disease
0.01652839558366132,0.16151940523335143,8.60172538430623,0.9587309397262902,217.99150691484525,Bullous Disease
0.0521966248165345,0.22679368802206826,9.563086568291077,0.9757052592430594,211.15908184030903,Bullous Disease
0.015091883206454708,0.1721854944661234,10.72951075774973,0.9494638360370699,411.34932510254663,Bullous Disease
0.01776303714654387,0.16361981313913476,7.34022471751893,0.942981462878712,138.3409970730437,Bullous Disease
0.06503860363087267,0.3308585938692123,4.558510080992643,0.9774547921738402,58.85227500305169,Bullous Disease
0.019103696296697288,0.13651827296147998,9.44728821412435,0.838177236159567,216.42797074712092,Bullous Disease
0.14796755312556037,0.41846578462224837,4.969318168711115,0.967133498064178,91.79423711084458,Bullous Disease
0.04220710357502412,0.20609758360842922,8.750867338907515,0.969019377042165,196.5227373703638,Bullous Disease
0.028061823757025855,0.19694390145635718,9.45035577434481,0.9507279440165909,237.45086388692465,Bullous Disease
0.009471599293419302,0.051884277268750084,20.114702075437386,0.8129972875866316,679.0956483581244,Bullous Disease
0.09071300662805795,0.31824993038616906,5.510841398202853,0.9920455717290795,95.79024807661216,Bullous Disease
0.03546403387983525,0.18912002069093414,7.754960912073947,0.9765093494612754,136.98167762078933,Bullous Disease
0.021576241374777507,0.2384527394812842,4.639027205029401,0.9892940845319865,56.51635979367417,Bullous Disease
0.011952872669358933,0.08806055799301728,14.220453503697813,0.8547124920458108,440.03296744950666,Bullous Disease
0.01779642246308116,0.1540321843554284,7.600799251190673,0.9334579332461934,143.44612570109283,Bullous Disease
0.022308773371088796,0.1935992532530713,5.543458191838978,0.9789121515742659,65.601163571599,Bullous Disease
0.15845501689344632,0.4423318224930966,3.975836278655796,0.9815306383764438,57.24391371020319,Bullous Disease
0.03378839891580501,0.2822810781634961,4.942172987948423,0.9804808431383604,81.99328466648808,Bullous Disease
0.07154454746512655,0.22728479818578673,14.103513437690367,0.9422481514529851,604.4365329845882,Bullous Disease
0.0316718427927136,0.19338185197464033,7.461939721471477,0.9798839227159257,137.27568144991244,Bullous Disease
0.00972307470106847,0.08618133520270958,16.794022532190514,0.9176108676432754,580.0449954458339,Bullous Disease
0.009970685972652382,0.08628980254911567,17.59980372548549,0.8827449318934065,662.2095774562034,Bullous Disease
0.03569142606268331,0.3527783938285373,4.284776598697292,0.9813844176241064,74.65862014892589,Bullous Disease
0.05087561330052745,0.3939835490039877,6.040683433661605,0.9554695852034373,188.05296063072868,Bullous Disease
0.06188786213931236,0.30385074627737463,6.965320555246198,0.9635285077644584,145.1873376391535,Bullous Disease
0.04526579203872525,0.3667000198717058,6.829212237134268,0.9496735824221053,232.6136133705586,Bullous Disease
0.03875909059592175,0.2639018309050163,4.328767796319496,0.9945473670430788,38.143196526381004,Bullous Disease
0.030356503304440213,0.29699868425645476,5.645281587884573,0.9626157858201224,111.00658711733857,Bullous Disease
0.05635153536564282,0.2284529155065614,7.427037457615094,0.9799313537541325,150.76418909392538,Bullous Disease
0.023327872885492255,0.1481360661609268,8.247272987742285,0.9303120502035883,172.90685808081378,Bullous Disease
0.08484841120418546,0.3720590013801739,3.5065397685299007,0.9945951901519301,32.54885640923755,Bullous Disease
0.058882849186090734,0.2869433353296549,4.742629363739391,0.9882238940439573,60.75425626007489,Bullous Disease
0.014816235914092325,0.14539495802393862,11.374734153044741,0.9422621398580932,353.4549676454145,Bullous Disease
0.025407621072515936,0.24673756751204154,5.8274283231533115,0.9673262496269497,90.85820710075573,Bullous Disease
0.02215662400091563,0.23792476831738174,6.016248541485805,0.9599974207753574,121.30829579337998,Bullous Disease
0.044763087876688507,0.3174593634135506,5.588583488905643,0.9693372735393267,108.58329234488724,Bullous Disease
0.03335903379943847,0.1395585345147878,8.988545185073065,0.3611133009845948,181.76876629553888,Bullous Disease
0.03015062015655677,0.2738120999101743,5.4679935743236285,0.9752700123872499,84.1513721844738,Bullous Disease
0.0849183267153174,0.30609107038568145,6.061029354801743,0.9878070051223717,100.0981637050964,Bullous Disease
0.041888676246770035,0.21454302465938205,10.680493628784486,0.9573811246567803,343.59205281563766,Bullous Disease
0.05396340930903851,0.33899098276806483,5.308964400838705,0.9878731421880119,113.90576750833381,Bullous Disease
0.013174473013587725,0.12868004026839402,14.189093870943388,0.8683476193227775,539.4619904336682,Bullous Disease
0.013145056662091655,0.1552081196027356,12.129990477356907,0.9441942370219931,508.9042252400844,Bullous Disease
0.014732894792383877,0.1247332806168158,12.154349819879123,0.8456072242069109,386.3880604880674,Bullous Disease
0.013886247704374442,0.13323681030695594,9.724836891662239,0.9258401622719418,270.5754465923242,Bullous Disease
0.033163008348992405,0.216902750969621,8.46141345443601,0.9749503802325861,194.08711187550307,Bullous Disease
0.024205199852242756,0.19722737659331951,6.3947468736168025,0.9458154587680276,99.42967767195167,Bullous Disease
0.015559376977299711,0.12173228114106974,10.330240040647304,0.8914197587007769,217.9718575691521,Bullous Disease
0.030437809190283136,0.14295134136375254,6.9984018562043815,0.683611689895342,87.40529805481738,Bullous Disease
0.014951288368310913,0.12390295137272912,9.913905126288704,0.9095978370970954,198.35164693046877,Bullous Disease
0.016493090854071905,0.10089296662384377,11.488949889972494,0.8060179305465986,257.6069969997018,Bullous Disease
0.021309579553639026,0.14951280347108303,7.6286099213123135,0.865763371979701,113.62568438451181,Bullous Disease
0.01541520636469289,0.13899506942601825,10.236042034313982,0.9078365529786397,243.00669186677402,Bullous Disease
0.019741310455289564,0.14054599084413205,10.894050608931028,0.9114627882162137,264.19672165774386,Bullous Disease
0.021190520119221387,0.16900432523648976,6.710172253716596,0.9461635398990408,91.96813693211132,Bullous Disease
0.02596637599944848,0.16056755392770908,6.85500674041272,0.8682530131684622,95.80107222882965,Bullous Disease
0.018697791504736147,0.12664741840015292,9.391065125843145,0.86563441145876,179.16318904014685,Bullous Disease
0.014536645810733015,0.10825445030020744,12.013797627259464,0.8689411646406935,295.8480325116811,Bullous Disease
0.018419824940159018,0.1325008566845417,9.212585205305684,0.91281118664128,170.55495399039228,Bullous Disease
0.01759473250960914,0.1280308784940453,9.921051656146858,0.8328053068433784,204.69774732164788,Bullous Disease
0.018706197638179056,0.11908007651031965,9.097171869341244,0.85985684934929,150.72680254484274,Bullous Disease
0.02147547940887147,0.11394713419338048,9.39637370074008,0.7487633688340707,159.39675523763955,Bullous Disease
0.014438936185597424,0.08600173153469413,14.866145845815835,0.700614107920189,432.5039433913055,Bullous Disease
0.011598847444894943,0.09710943199753931,13.27978638063615,0.928160332622131,362.1699881028137,Bullous Disease
0.015609551729812642,0.13449522750870843,10.817176286379825,0.9145762618057233,330.5379436087559,Bullous Disease
0.01906144579960229,0.15398037593908295,7.456954629883569,0.9530587567616036,110.42722182950645,Bullous Disease
0.059991285086561534,0.2850346072481822,5.3252846230618065,0.9807922498148264,70.04253970833231,Bullous Disease
0.025370542085178378,0.10863760319562596,9.736908951804411,0.5093926145750832,169.07546491981964,Bullous Disease
0.016346247224925742,0.09995829739204476,11.325766501276009,0.780240954145285,240.9247878111882,Bullous Disease
0.022177080571629246,0.1365576065389613,13.85495155788825,0.9124775624679786,432.2243130902181,Bullous Disease
0.011252549848500175,0.09055975538454342,16.21065185882356,0.8371283110361613,567.3068090158343,Bullous Disease
0.013093032629360395,0.11054185432576746,14.990522172937581,0.8999310239570105,481.01220447409,Bullous Disease
0.009999759195609356,0.07308058263073486,16.888084509427117,0.8350575451895508,577.3987979707696,Bullous Disease
0.021045652572130327,0.1200562769833909,10.528409919332237,0.7712894925750917,246.1940975029164,Bullous Disease
0.012481539534608059,0.08294832145705379,16.185250406160876,0.7129612030432906,497.1769400066852,Bullous Disease
0.015137542887832355,0.11644447441723739,11.866379699526526,0.8707647654115261,304.61727052215116,Bullous Disease
0.015559376977299711,0.12173228114106974,10.330240040647304,0.8914197587007769,217.9718575691521,Bullous Disease
0.02129320179216105,0.1985790729337744,6.491566174094581,0.9432828869341847,101.4938581965351,Bullous Disease
0.024490217893567832,0.1484459127701342,7.777456987996477,0.8944212158983567,123.96628358208893,Bullous Disease
0.022308690644005535,0.1836840868016114,8.123064850317563,0.8834359223244415,172.24519759433952,Bullous Disease
0.012766965742154548,0.0892025409749256,14.545010412548708,0.8376549674954887,437.25053560180436,Bullous Disease
0.03728450193033824,0.19675317974167397,8.968111373870487,0.9389693596724472,251.12383939619465,Bullous Disease
0.0346266007155575,0.2070187300681372,9.823406159338345,0.9280809285525125,310.70862963378323,Bullous Disease
0.01948010282948337,0.12700239779851183,12.084934753402921,0.8883818108915824,335.4288557695694,Bullous Disease
0.011954412850432111,0.0948256040197241,17.517124035137588,0.8594792677514237,620.6732498548344,Bullous Disease
0.07924477441576278,0.27732598122564256,7.099840057273119,0.9847941401861586,141.97818903964404,Bullous Disease
0.014739884370440652,0.10525691801799399,11.729322284788363,0.8594306748052012,292.1690226726787,Bullous Disease
0.023260260882716943,0.16899275688244833,7.338760015296605,0.8517403051818733,123.58794104700645,Bullous Disease
0.016135915222636115,0.10480283818801689,15.408212457323252,0.8796366190881648,474.72695283905364,Bullous Disease
0.06938757495566013,0.1968722330393583,13.678106951785233,0.913957415597941,437.2791118599164,Bullous Disease
0.02036231079614013,0.16234900839889066,10.595654089584349,0.9410652546285267,253.08610646508006,Bullous Disease
0.012959448488142167,0.11764531552591038,10.662077189640785,0.9384701108546248,221.7372638845802,Bullous Disease
0.015032065012635808,0.14718818770718275,9.217730891669643,0.9413847287123418,242.10769968597936,Bullous Disease
0.014785855136326699,0.08634252360799637,12.934455799607687,0.8645469148998103,305.4806486761772,Bullous Disease
0.019370553236932667,0.11086076645086558,12.679317543242693,0.7731487068414905,359.66438684511996,Bullous Disease
0.018512091730927334,0.14466567473485734,9.522003026876018,0.8454170930926193,188.54701407062313,Bullous Disease
0.010690853791470537,0.08957456876924318,14.05510011940491,0.9268534794427166,360.9211025084825,Bullous Disease
0.017069882829391037,0.13874140488623787,9.045240178389314,0.915795817475558,170.5770131413252,Bullous Disease
0.08765975479033461,0.30880058527939525,7.568301515941727,0.9797741317580176,204.7701627245066,Bullous Disease
0.04528163522693746,0.24858576361739504,6.340634105824159,0.9910480033936371,111.82796406349301,Bullous Disease
0.01124701600889744,0.11638485827462006,12.294909925227882,0.9409856015525809,363.06654551412925,Bullous Disease
0.11419809967085134,0.28235689099345884,8.464941918351334,0.9764754594682736,207.71870829576133,Bullous Disease
0.01763349005426179,0.1548374870115096,9.43930225353749,0.9361083074663341,237.76925529719847,Bullous Disease
0.0167044811098842,0.14808096833703985,10.188609999163383,0.9330989508523453,259.2331255942285,Bullous Disease
0.023710135457518787,0.18490163257268658,6.006085150675649,0.9356353646109494,78.02276581025245,Bullous Disease
0.015161086830557613,0.19407872500809706,6.157013765989553,0.9830924073629773,86.39012445227925,Bullous Disease
0.01684875857063765,0.08915688329161751,13.534591368707648,0.6174620915250222,394.9578481085435,Bullous Disease
0.02379915098692623,0.25069766093912904,5.396920361756855,0.9827257858479181,81.63723609029313,Bullous Disease
0.20195386740862953,0.35612274464561533,5.537993558756985,0.9902561972407788,86.2987227375513,Bullous Disease
0.017732686465244975,0.18080643086900605,7.84674212935986,0.9715136965406145,146.76134675931254,Bullous Disease
0.020730260923280827,0.1670077865519528,7.544709827548695,0.990693805904756,125.51329444488897,Bullous Disease
0.013830130089954438,0.10968296929895123,13.41893851969077,0.9438293897643035,385.8708864666784,Bullous Disease
0.01615448514712548,0.1593789024055772,7.8796379229948865,0.9620379035583547,156.1660113590622,Bullous Disease
0.01893245552602539,0.22626723498638107,5.068790809310196,0.9868457603161009,62.431987394889674,Bullous Disease
0.022967442422854065,0.2707040276395056,6.2010998917505855,0.9278721034372125,192.7817412167303,Bullous Disease
0.04191609262972863,0.21538937491080332,11.166561546027458,0.9671232750490447,287.8976720827638,Bullous Disease
0.014179257779694476,0.1013274394386367,10.280880931122207,0.9412803372456016,192.4242853293619,Bullous Disease
0.02102024107514828,0.17991978909444076,10.278440138821518,0.9682856057046815,326.2368087399696,Bullous Disease
0.047036620054657176,0.21231290022103824,7.382227168412571,0.9080480079566071,146.5783200442522,Bullous Disease
0.017891260902282997,0.15972646186403522,8.007254140819192,0.9263425234002922,141.7009723294508,Bullous Disease
0.024898093232386034,0.1397932576600626,10.552678213375057,0.925505149549077,227.30703727629418,Bullous Disease
0.025814870374368012,0.2681221876986009,5.198759260968329,0.9415823498650799,118.91137262125832,Bullous Disease
0.01892336144443342,0.20904838353787586,6.024111145323982,0.9645637974863033,95.46967647909761,Bullous Disease
0.01716465692049922,0.18979801462332901,8.04031689964527,0.9482908475848887,179.9059135367514,Bullous Disease
0.025775012245096936,0.14978824634307017,7.770552084946457,0.8987161313711398,133.43943947146488,Bullous Disease
